"","Cluster","ONTOLOGY","ID","Description","GeneRatio","BgRatio","pvalue","p.adjust","qvalue","geneID","Count"
"1","Early2nd_FL","BP","GO:0034330","cell junction organization","40/583","261/8716",5.67571408904212e-07,0.0017651470816921,0.00169853212159439,"710753/574172/713687/712601/100430727/613269/709901/700811/715265/693297/712262/711465/717579/702353/714317/698293/719305/700368/702939/718307/700409/696536/708589/699042/714274/699854/714203/694694/693541/710072/719673/699338/701160/574230/703995/714647/700473/693440/711526/715463",40
"2","Early2nd_FL","BP","GO:0006270","DNA replication initiation","9/583","19/8716",1.26946359654781e-06,0.00197401589263184,0.00189951842367653,"710888/708320/714686/710766/707651/717548/713271/700589/710253",9
"3","Early2nd_FL","BP","GO:0032508","DNA duplex unwinding","7/583","15/8716",2.31688076824492e-05,0.0182075790984588,0.0175204425036109,"710888/708320/714686/710766/693426/707651/717548",7
"4","Early2nd_FL","BP","GO:0032392","DNA geometric change","8/583","20/8716",2.34181081652203e-05,0.0182075790984588,0.0175204425036109,"710888/703598/708320/714686/710766/693426/707651/717548",8
"5","Early2nd_FL","BP","GO:0006261","DNA-templated DNA replication","13/583","55/8716",4.99544370756504e-05,0.0303297596707016,0.0291851435924199,"710888/708320/714686/710562/710766/693426/707651/717548/718006/713271/700589/710253/708579",13
"6","Early2nd_FL","BP","GO:0006260","DNA replication","20/583","114/8716",5.85140057955657e-05,0.0303297596707016,0.0291851435924199,"710888/708320/714686/710562/708066/710766/693426/707651/717548/718006/713271/700589/721861/710253/708416/716612/722348/708579/707142/100423080",20
"7","Early2nd_FL","BP","GO:0007043","cell-cell junction assembly","14/583","65/8716",7.75782977844089e-05,0.034466929444216,0.033166180541515,"574172/713687/100430727/700811/693297/712262/702353/699854/714203/714647/700473/693440/711526/715463",14
"8","Early2nd_FL","BP","GO:0045216","cell-cell junction organization","16/583","83/8716",0.000100690402241717,0.0391433938714676,0.0376661596806845,"574172/713687/100430727/700811/693297/712262/711465/702353/699854/714203/710072/714647/700473/693440/711526/715463",16
"9","Early2nd_FL","BP","GO:0009142","nucleoside triphosphate biosynthetic process","10/583","38/8716",0.000141686441455431,0.0463599587770548,0.0446103783392002,"702893/574260/699950/698144/106997570/100533956/697950/698458/695498/706338",10
"10","Early2nd_FL","BP","GO:0071103","DNA conformation change","8/583","25/8716",0.000149067391566093,0.0463599587770548,0.0446103783392002,"710888/703598/708320/714686/710766/693426/707651/717548",8
"11","Early2nd_FL","CC","GO:0031261","DNA replication preinitiation complex","8/631","11/9500",5.00722988516012e-08,6.3029659471516e-06,5.77080763801709e-06,"710888/708320/714686/710766/693426/707651/717548/707142",8
"12","Early2nd_FL","CC","GO:0005743","mitochondrial inner membrane","36/631","204/9500",5.20910858926335e-08,6.3029659471516e-06,5.77080763801709e-06,"693502/702893/641333/574260/698024/693780/697843/699950/698144/106997570/710845/711369/694635/693431/697950/711249/711014/100428450/698458/721259/714895/100426173/722400/719935/713297/713040/708065/709772/696532/693782/702885/695399/707060/699580/714494/693805",36
"13","Early2nd_FL","CC","GO:0005740","mitochondrial envelope","51/631","349/9500",6.2113524999571e-08,6.3029659471516e-06,5.77080763801709e-06,"693502/702893/641333/574260/698237/698024/693780/697843/699950/100423260/698144/106997570/710845/711369/694635/693431/697950/711249/711014/100428450/698458/721259/714895/712784/100426173/715675/722400/719935/713297/713040/700629/707881/716461/706322/708065/709772/704770/696532/693782/702885/695399/699083/700814/707060/699580/705559/714494/699042/697136/721783/693805",51
"14","Early2nd_FL","CC","GO:0019866","organelle inner membrane","38/631","224/9500",6.56558952828292e-08,6.3029659471516e-06,5.77080763801709e-06,"693502/702893/641333/574260/698024/693780/697843/699950/698144/106997570/710845/711369/694635/693431/697950/711249/711014/100428450/698458/721259/714895/100426173/722400/719935/713297/713040/703575/708065/709772/700469/696532/693782/702885/695399/707060/699580/714494/693805",38
"15","Early2nd_FL","CC","GO:0031966","mitochondrial membrane","47/631","316/9500",1.21877367950727e-07,9.36018185861584e-06,8.56990334643007e-06,"693502/702893/641333/574260/698237/698024/693780/697843/699950/100423260/698144/106997570/710845/711369/694635/693431/697950/711249/711014/100428450/698458/721259/714895/712784/100426173/715675/722400/719935/713297/713040/700629/716461/708065/709772/696532/693782/702885/695399/699083/707060/699580/705559/714494/699042/697136/721783/693805",47
"16","Early2nd_FL","CC","GO:0045259","proton-transporting ATP synthase complex","7/631","18/9500",9.19790250994554e-05,0.00588665760636514,0.00538964813740668,"702893/574260/699950/698144/106997570/697950/100428450",7
"17","Early2nd_FL","CC","GO:0005753","mitochondrial proton-transporting ATP synthase complex","6/631","16/9500",0.000377434361928461,0.0207049707115042,0.0189568536667829,"702893/574260/699950/698144/697950/100428450",6
"18","Early2nd_FL","CC","GO:0070062","extracellular exosome","8/631","30/9500",0.000572771506717038,0.0274930323224178,0.0251718004267751,"713687/718166/712784/705215/613269/712262/704892/710921",8
"19","Early2nd_FL","CC","GO:0005911","cell-cell junction","24/631","182/9500",0.000944666649971957,0.0365101710693973,0.0334276237313013,"574172/713687/712601/100430727/702998/715650/715413/693297/699586/699524/720550/699854/717376/694694/699899/710072/702459/697069/707372/714647/700473/693440/711526/715463",24
"20","Early2nd_FL","CC","GO:0098800","inner mitochondrial membrane protein complex","15/631","92/9500",0.000998955305480979,0.0365101710693973,0.0334276237313013,"702893/641333/574260/699950/698144/710845/694635/693431/697950/100428450/714895/722400/713040/709772/699580",15
"21","Early2nd_FL","CC","GO:0045263","proton-transporting ATP synthase complex, coupling factor F(o)","5/631","13/9500",0.00104586427542544,0.0365101710693973,0.0334276237313013,"702893/699950/698144/106997570/697950",5
"22","Early2nd_FL","CC","GO:1903561","extracellular vesicle","8/631","34/9500",0.00140337221421751,0.0449079108549603,0.0411163438200569,"713687/718166/712784/705215/613269/712262/704892/710921",8
"23","Early2nd_FL","CC","GO:0043230","extracellular organelle","8/631","35/9500",0.00171522970756166,0.046443530369502,0.0425223112483928,"713687/718166/712784/705215/613269/712262/704892/710921",8
"24","Early2nd_FL","CC","GO:0065010","extracellular membrane-bounded organelle","8/631","35/9500",0.00171522970756166,0.046443530369502,0.0425223112483928,"713687/718166/712784/705215/613269/712262/704892/710921",8
"25","Early2nd_FL","CC","GO:0000228","nuclear chromosome","15/631","98/9500",0.00192575624211028,0.046443530369502,0.0425223112483928,"710888/708320/714686/710562/699190/710766/693426/707651/717548/718006/713271/710253/720265/707142/708845",15
"26","Early2nd_FL","CC","GO:0098798","mitochondrial protein-containing complex","22/631","170/9500",0.00193514709872925,0.046443530369502,0.0425223112483928,"702893/641333/574260/699950/100423260/698144/710845/694635/693431/697950/100428450/712367/714895/722400/713297/713040/716461/699469/709772/695196/702885/699580",22
"27","Early2nd_FL","MF","GO:0008235","metalloexopeptidase activity","9/578","30/8759",9.09069140788064e-05,0.029349414682194,0.0270529334174472,"716790/699725/715081/701327/695080/695120/718315/708881/712429",9
"28","Early2nd_FL","MF","GO:0050839","cell adhesion molecule binding","17/578","93/8759",0.000104260798160547,0.029349414682194,0.0270529334174472,"613269/700811/698204/693297/712262/700141/704930/698293/695078/714520/710072/701160/713606/708881/693440/711526/712036",17
"29","Late2nd_FL","CC","GO:0009986","cell surface","27/411","282/9500",8.68952788873795e-05,0.0260685836662138,0.024879490376176,"677680/714399/700677/717347/100428701/700475/697438/714610/707714/701419/717074/574213/714038/698315/715949/698341/698487/677855/716003/712577/698888/717228/574216/696200/698363/704351/701357",27
"30","Late2nd_FL","CC","GO:0045178","basal part of cell","13/411","95/9500",0.00021179069110482,0.0317686036657231,0.0303195094634269,"677680/708901/711407/703544/704326/694677/709353/713511/717209/702721/717411/697815/705434",13
"31","Late2nd_FL","CC","GO:0009925","basal plasma membrane","12/411","90/9500",0.000469835361403591,0.0464339423881443,0.0443159029107903,"677680/708901/711407/703544/704326/694677/713511/717209/702721/717411/697815/705434",12
"32","Late2nd_FL","CC","GO:0030425","dendrite","17/411","164/9500",0.000722169592562105,0.0464339423881443,0.0443159029107903,"100430906/705591/694583/718418/708901/711231/707482/714038/696942/698315/693944/717136/706588/713913/696359/703520/574359",17
"33","Late2nd_FL","CC","GO:0097447","dendritic tree","17/411","165/9500",0.000773899039802405,0.0464339423881443,0.0443159029107903,"100430906/705591/694583/718418/708901/711231/707482/714038/696942/698315/693944/717136/706588/713913/696359/703520/574359",17
"34","Early3rd_FL","BP","GO:0046488","phosphatidylinositol metabolic process","25/1153","78/8716",1.30490494961939e-05,0.0170684887048657,0.0166790876730646,"613032/718387/716098/696601/715214/698185/705576/704859/714998/699219/703131/710552/709959/711353/715772/717088/699914/714088/695366/693542/696475/718012/716847/699371/712514",25
"35","Early3rd_FL","BP","GO:0051056","regulation of small GTPase mediated signal transduction","27/1153","88/8716",1.47094752233438e-05,0.0170684887048657,0.0166790876730646,"700311/699614/704407/698268/716098/704359/100426614/712803/698185/694485/708885/707818/697231/707800/718727/705742/703141/715074/710787/712096/707701/702288/701584/712115/713798/696330/714579",27
"36","Early3rd_FL","BP","GO:0043087","regulation of GTPase activity","34/1153","124/8716",1.83513406754858e-05,0.0170684887048657,0.0166790876730646,"698576/700311/699614/706303/703879/697643/705311/694085/708778/710690/695530/704359/694915/694485/695936/712911/718958/707818/697231/703141/715074/719357/695724/100429627/710007/100423838/701988/707701/702288/712754/699774/712449/711901/721180",34
"37","Early3rd_FL","BP","GO:0008654","phospholipid biosynthetic process","32/1153","115/8716",2.3245360426157e-05,0.0170684887048657,0.0166790876730646,"613032/695947/699967/706050/707625/716098/696601/707177/698185/714639/705576/714998/699219/716635/703131/699947/710552/709959/693640/715772/717088/717761/704729/714088/695366/693542/702553/710019/704361/718012/699371/712514",32
"38","Early3rd_FL","BP","GO:0046486","glycerolipid metabolic process","44/1153","179/8716",2.43696297899282e-05,0.0170684887048657,0.0166790876730646,"613032/699967/718387/706972/706050/700991/716098/707531/712887/696601/699258/707177/715214/698185/712044/714639/705576/704859/714998/699219/716635/703131/699947/710552/709959/711353/693640/718513/715772/706078/717088/693654/699914/704729/714088/695366/693542/711332/714604/696475/718012/716847/699371/712514",44
"39","Early3rd_FL","BP","GO:0018193","peptidyl-amino acid modification","85/1153","422/8716",3.16807179780353e-05,0.0183656646617119,0.017946669817315,"613032/718156/714533/708227/711220/698268/703879/693786/707295/703088/717172/699004/712848/100423589/714317/709728/715305/703116/706357/707064/694915/706131/696626/100425255/711173/712653/574317/712044/706004/717703/708088/706258/714717/714998/696362/718412/701373/703402/699884/699072/701803/712357/704683/709959/711353/693770/714371/106992736/709075/717037/701401/711166/710839/720105/701453/719039/719479/711600/717342/712249/702159/708444/712829/714945/716937/694005/697935/701584/701901/693690/707723/693542/574296/714893/712233/713583/715949/712634/700610/704310/711568/707927/705890/696200/701789",85
"40","Early3rd_FL","BP","GO:0070647","protein modification by small protein conjugation or removal","96/1153","492/8716",3.67103519794355e-05,0.0183656646617119,0.017946669817315,"711717/699367/714533/100428142/700136/698268/703879/696734/695571/708990/711339/716793/705774/699004/705109/693961/717178/699114/700282/710524/705228/715305/703010/709238/707064/696008/710934/710560/694340/710600/707650/719956/721611/706004/708088/696991/699550/714998/717131/106992260/701373/713123/708624/722846/707163/694006/716505/703582/693770/704454/715610/710776/704203/714434/709869/703108/712441/715772/717177/707640/701453/710300/699009/699169/715423/699456/700704/710227/718284/718792/703273/716815/707324/716857/702246/717321/699202/699089/100430285/698991/708357/713996/693955/714893/712720/703312/699091/696330/708356/705991/705464/693737/712634/707512/704577/705890",96
"41","Early3rd_FL","CC","GO:1990234","transferase complex","89/1183","457/9500",7.72026389962939e-06,0.00328111215734249,0.00314499171490166,"699367/694499/708227/707625/698268/716098/708990/703088/696744/717172/696601/699763/709728/710524/716390/709238/100430132/706357/695330/707064/703905/703477/100425255/697826/711173/712921/693683/706535/706004/717703/706258/696991/708813/714998/698206/717131/699072/710552/722027/694006/704683/709959/702290/715526/702711/694376/693770/698061/704203/714434/717056/715772/711166/698686/700737/706249/712256/710168/701668/716541/703273/713338/721916/709217/704529/717321/699202/699089/694005/697935/698991/703442/697901/701901/693690/708357/713996/706903/693955/718012/714585/703789/696330/713583/705991/712514/712634/704577/698870",89
"42","Early3rd_FL","CC","GO:0044232","organelle membrane contact site","10/1183","21/9500",8.30185515641527e-05,0.0176414422073824,0.0169095681343827,"704908/704794/716304/702576/712225/714699/708497/709084/718012/703424",10
"43","Early3rd_FL","MF","GO:0016773","phosphotransferase activity, alcohol group as acceptor","117/1139","431/8759",6.05534208255663e-16,3.91175098533158e-13,3.64595333812884e-13,"714533/699967/695414/710464/708227/711220/714952/100428846/716098/707455/693786/694184/706573/100424131/707295/693505/703088/707531/698274/708528/702504/100423589/711844/709728/707177/695284/709733/719169/698292/694315/704356/697826/693554/698185/701702/694725/717134/707425/696825/717703/716528/714717/696362/705907/711382/697772/722559/696131/718412/693566/707428/705980/693812/713952/713062/714510/717866/710552/710708/721582/704683/709959/711353/715803/720145/716899/705357/106992736/710061/710316/710115/100427204/716258/717037/701057/714233/705246/699798/720105/677693/693918/700538/707856/719039/696898/701067/719479/709854/714866/710007/717844/710329/712249/708444/712829/716595/716937/695234/697935/695366/715180/703442/693542/705975/710479/703059/714604/718012/705937/664732/716875/700568/704071/713668/715949/701969/695750",117
"44","Early3rd_FL","MF","GO:0004672","protein kinase activity","95/1139","360/8759",2.51607893727868e-12,8.12693496741015e-10,7.57472185328109e-10,"714533/695414/710464/708227/711220/714952/100428846/716098/707455/693786/694184/706573/100424131/707295/693505/703088/698274/708528/702504/100423589/711844/709728/695284/709733/719169/698292/694315/704356/697826/693554/701702/694725/707425/696825/717703/716528/714717/696362/705907/711382/697772/722559/696131/718412/693566/707428/705980/693812/713952/714510/717866/710708/721582/704683/711353/715803/720145/716899/705357/106992736/710061/710316/716258/717037/701057/714233/699798/720105/677693/707856/719039/696898/701067/719479/717844/712249/708444/712829/716595/716937/695234/697935/715180/703442/693542/705975/703059/718012/664732/716875/700568/704071/713668/715949/695750",95
"45","Early3rd_FL","MF","GO:0004674","protein serine/threonine kinase activity","67/1139","239/8759",3.06900252734143e-10,6.60858544220854e-08,6.15954191452384e-08,"714533/710464/714952/100428846/693786/100424131/693505/703088/698274/702504/100423589/711844/709728/709733/719169/698292/694315/704356/697826/693554/701702/694725/707425/696825/717703/714717/696362/705907/711382/722559/696131/718412/705980/713952/714510/717866/710708/721582/704683/715803/720145/716899/106992736/710061/716258/699798/720105/677693/719039/696898/719479/712249/708444/716595/716937/695234/697935/703442/693542/705975/703059/718012/664732/716875/700568/704071/713668",67
"46","Early3rd_FL","MF","GO:0030695","GTPase regulator activity","58/1139","211/8759",1.08332011994573e-08,1.74956199371235e-06,1.63068186476041e-06,"711698/700311/699614/718387/709675/706303/694499/693652/704407/721824/704717/705311/100428720/706782/694085/710690/695530/698148/704359/100426614/705818/694485/695936/712911/718958/706752/706541/707818/697231/719016/718727/712896/705742/701164/100429172/703141/715074/706084/710787/719357/695724/702775/100429627/707616/706428/705680/712096/701988/702288/707945/703061/712754/699774/712449/712115/711901/721180/714579",58
"47","Early3rd_FL","MF","GO:0060589","nucleoside-triphosphatase regulator activity","58/1139","213/8759",1.57592743416727e-08,2.03609824494411e-06,1.89774840493406e-06,"711698/700311/699614/718387/709675/706303/694499/693652/704407/721824/704717/705311/100428720/706782/694085/710690/695530/698148/704359/100426614/705818/694485/695936/712911/718958/706752/706541/707818/697231/719016/718727/712896/705742/701164/100429172/703141/715074/706084/710787/719357/695724/702775/100429627/707616/706428/705680/712096/701988/702288/707945/703061/712754/699774/712449/712115/711901/721180/714579",58
"48","Early3rd_FL","MF","GO:0016874","ligase activity","45/1139","177/8759",4.9491911233435e-06,0.00053286291094665,0.000496655670623242,"710945/697454/700136/706050/704908/695571/705222/711339/714218/699114/703116/709238/699844/707064/696008/710934/719956/717021/714224/699240/704454/715610/708258/703108/712441/701211/717177/701401/707640/696238/694733/705340/700326/700704/713103/718284/716330/704926/708030/707324/701819/714871/708356/694871/705464",45
"49","Early3rd_FL","MF","GO:0005096","GTPase activator activity","31/1139","105/8759",5.92295002538832e-06,0.000546603673771551,0.000509462769101071,"700311/699614/718387/694499/693652/721824/705311/694085/694485/712911/718958/707818/697231/712896/705742/703141/715074/706084/710787/719357/695724/702775/100429627/706428/705680/712096/701988/712754/699774/711901/721180",31
"50","Early3rd_FL","MF","GO:0005085","guanyl-nucleotide exchange factor activity","30/1139","102/8759",9.07263063671934e-06,0.000732614923915087,0.000682834832132035,"711698/709675/706303/704407/704717/100428720/706782/710690/695530/698148/704359/100426614/705818/695936/706752/706541/719016/718727/701164/100429172/702775/707616/712096/702288/707945/703061/712449/712115/721180/714579",30
"51","Early3rd_FL","MF","GO:0051020","GTPase binding","31/1139","114/8759",3.61689905614477e-05,0.00259612976696614,0.00241972662001732,"695170/694499/574273/693505/693514/716794/700889/696008/708885/703548/703399/695936/700664/707210/694610/717710/714434/700421/695724/702775/100429627/701458/100423838/708444/707945/706296/699091/696330/699042/710171/697568",31
"52","Early3rd_FL","MF","GO:0031267","small GTPase binding","28/1139","101/8759",5.85828028150394e-05,0.00378444906185154,0.00352730139054764,"695170/694499/574273/693505/693514/700889/696008/708885/703548/695936/700664/707210/694610/717710/700421/695724/702775/100429627/701458/100423838/708444/707945/706296/699091/696330/699042/710171/697568",28
"53","Early3rd_FL","MF","GO:0046332","SMAD binding","13/1139","33/8759",0.000130840665744748,0.00768391546100975,0.00716180486181779,"697581/699626/716793/711355/703088/106992260/701803/693359/696898/702987/697935/718330/712935",13
"54","Early3rd_FL","MF","GO:0052742","phosphatidylinositol kinase activity","8/1139","15/8759",0.000220123767520207,0.0118499961515045,0.0110448065808385,"716098/710552/709959/710115/693918/700538/710007/695366",8
"55","Early3rd_FL","MF","GO:0106310","protein serine kinase activity","13/1139","35/8759",0.000262291856000788,0.0130338876135776,0.0121482543831944,"716098/711844/696825/717703/718412/713952/716899/719479/695234/703059/664732/716875/704071",13
"56","Early3rd_FL","MF","GO:0016757","glycosyltransferase activity","37/1139","165/8759",0.000528954925566072,0.0244074915654059,0.0227490389040446,"718187/696323/698268/709108/717403/699004/722884/693538/711660/699096/706068/696842/715572/698004/708930/700462/697892/712357/699834/713891/714371/717056/100498659/703703/696924/702400/702159/706590/694868/100430612/705777/706853/708484/705107/712514/100424583/712579",37
"57","Early3rd_FL","MF","GO:0016746","acyltransferase activity","75/1139","404/8759",0.000728439024976774,0.0313714406756664,0.029239798055208,"100428142/700136/707625/703879/695571/708990/711339/713301/705109/693961/699114/700282/710524/715305/709238/707064/711835/696008/710560/710600/719956/717021/706004/706258/714639/705248/704859/699550/708802/698206/716635/704953/699072/708011/710144/707163/703783/704454/715610/710776/712243/703108/712441/710363/717177/706078/707640/717088/709764/711600/699169/705340/699456/700704/710227/718284/703273/707324/694005/702589/693690/702553/712720/703312/699091/716847/712233/708356/697243/695447/705464/712634/700610/705890/698870",75
"58","Early3rd_FL","MF","GO:0016755","aminoacyltransferase activity","51/1139","253/8759",0.000794127017106317,0.0320628783156676,0.0298842535384746,"100428142/700136/703879/695571/708990/711339/705109/693961/699114/700282/710524/715305/709238/707064/711835/696008/710560/710600/719956/717021/705248/699550/708802/698206/708011/707163/703783/704454/715610/710776/703108/712441/717177/707640/699169/705340/699456/700704/710227/718284/703273/707324/712720/703312/699091/712233/708356/697243/705464/712634/705890",51
"59","Early3rd_FL","MF","GO:0019783","ubiquitin-like protein peptidase activity","20/1139","76/8759",0.0013171977288844,0.0481735831505263,0.0449002600001647,"716793/705774/717178/705228/694340/721611/708088/718013/106992260/708624/716505/703582/701453/699009/718792/706590/716815/716857/698991/707512",20
"60","Early3rd_FL","MF","GO:0061659","ubiquitin-like protein ligase activity","38/1139","179/8759",0.00134229798252241,0.0481735831505263,0.0449002600001647,"100428142/700136/703879/695571/708990/711339/705109/693961/699114/700282/710524/715305/709238/707064/696008/710560/719956/699550/708802/698206/704454/715610/710776/703108/717177/707640/699169/700704/710227/718284/703273/707324/712720/703312/699091/697243/705464/705890",38
"61","Late2nd_BM","BP","GO:0032963","collagen metabolic process","6/153","33/8716",1.98552916630999e-05,0.0359976437852002,0.0353424191603179,"705289/717983/699067/698478/703980/703239",6
"62","Early3rd_BM","BP","GO:0051301","cell division","30/545","210/8716",1.65026365882113e-05,0.0497059414036926,0.0487435771226537,"574209/694626/714533/698576/704701/701488/707259/707540/702317/700707/722088/705180/714043/711153/574316/703064/704734/697312/711862/696232/716533/700712/697686/719808/699174/711887/715235/695574/714731/698231",30
"63","Adult_BM","BP","GO:0000165","MAPK cascade","38/517","296/8716",4.76099160658658e-06,0.00427257313731179,0.00374303521027654,"707158/702981/574296/697017/718387/704310/722000/712799/716452/710832/709723/100430739/717204/714950/697134/711355/711879/694037/707749/694750/702103/710441/707540/716595/710643/717994/708907/695567/701589/710796/710324/699955/693961/695652/613032/717751/711115/705056",38
"64","Adult_BM","BP","GO:0007249","canonical NF-kappaB signal transduction","21/517","118/8716",4.92680479059535e-06,0.00427257313731179,0.00374303521027654,"613025/574296/697017/716937/715615/703281/574252/699598/707336/698160/711879/704130/707749/700942/695796/705774/695567/710324/699955/693961/714728",21
"65","Adult_BM","BP","GO:0043122","regulation of canonical NF-kappaB signal transduction","19/517","100/8716",5.15548930268756e-06,0.00427257313731179,0.00374303521027654,"613025/574296/697017/716937/715615/703281/574252/707336/698160/711879/704130/707749/700942/695796/705774/695567/699955/693961/714728",19
"66","Adult_BM","BP","GO:0010628","positive regulation of gene expression","50/517","440/8716",5.51299759653134e-06,0.00427257313731179,0.00374303521027654,"574293/699119/695091/574296/697017/718387/712428/574365/722000/710591/715615/710832/613028/707336/699309/721324/706873/711355/711879/706255/100427119/715132/695886/702502/699626/707749/700732/574378/716098/700632/702103/714731/700942/714344/695757/710643/695537/717994/701278/695567/697204/700068/710796/699955/693961/714728/717751/711115/696778/700692",50
"67","Adult_BM","BP","GO:0071363","cellular response to growth factor stimulus","34/517","256/8716",7.25830442166538e-06,0.00450014874143253,0.00394240534903088,"702077/695091/697826/716937/722000/715615/700690/708839/716452/694022/613028/100430739/703088/721324/717204/706873/711355/697755/718616/694750/716098/702103/714731/710441/706198/707540/710643/707191/700068/714451/713924/715710/717751/700692",34
"68","Adult_BM","BP","GO:0070848","response to growth factor","34/517","260/8716",1.01959404197405e-05,0.00526790255019928,0.00461500461104046,"702077/695091/697826/716937/722000/715615/700690/708839/716452/694022/613028/100430739/703088/721324/717204/706873/711355/697755/718616/694750/716098/702103/714731/710441/706198/707540/710643/707191/700068/714451/713924/715710/717751/700692",34
"69","Adult_BM","BP","GO:0043085","positive regulation of catalytic activity","44/517","380/8716",1.28921691054602e-05,0.00570938917527525,0.00500177387850938,"719320/697826/697077/697017/716937/704310/693359/710591/717342/706549/710956/702396/703088/711355/707996/697231/702502/700311/707749/716098/714740/716990/700942/699004/718350/707540/707876/715322/714220/710643/708980/698576/701278/695567/719199/710796/699955/694485/710262/698697/613032/717751/711115/717165",44
"70","Adult_BM","BP","GO:0001667","ameboidal-type cell migration","25/517","172/8716",2.60382562661235e-05,0.00827685805977441,0.00725103354642376,"719320/697826/697017/716937/715615/713885/708839/716452/700414/715264/100430739/703088/697755/707996/707749/716098/716990/702775/715952/707540/714344/700068/713924/714717/705056",25
"71","Adult_BM","BP","GO:0001932","regulation of protein phosphorylation","43/517","381/8716",3.03988276323679e-05,0.00827685805977441,0.00725103354642376,"702981/695091/574296/697017/716937/706919/704310/710591/715615/711877/716452/702396/100430739/703088/100424484/721324/717204/697755/704130/702502/100428720/707749/704449/702103/710441/705680/707540/695757/710643/717994/708907/695567/719199/710796/694915/699955/698766/710262/697986/707234/613032/717751/705056",43
"72","Adult_BM","BP","GO:0050731","positive regulation of peptidyl-tyrosine phosphorylation","13/517","59/8716",3.14468781295732e-05,0.00827685805977441,0.00725103354642376,"695091/574296/697017/702396/717204/697755/702502/707749/717994/695567/694915/697986/613032",13
"73","Adult_BM","BP","GO:0070371","ERK1 and ERK2 cascade","19/517","113/8716",3.1917159370355e-05,0.00827685805977441,0.00725103354642376,"574296/697017/704310/712799/716452/710832/709723/100430739/717204/697134/694037/694750/702103/710643/708907/695567/699955/613032/705056",19
"74","Adult_BM","BP","GO:0043408","regulation of MAPK cascade","33/517","264/8716",3.51668401678653e-05,0.00827685805977441,0.00725103354642376,"707158/702981/574296/697017/718387/704310/712799/716452/710832/100430739/717204/714950/697134/711879/694037/707749/694750/702103/710441/707540/716595/710643/717994/708907/695567/701589/710796/699955/693961/695652/613032/717751/705056",33
"75","Adult_BM","BP","GO:0001934","positive regulation of protein phosphorylation","30/517","230/8716",3.56570041813714e-05,0.00827685805977441,0.00725103354642376,"695091/574296/697017/716937/706919/704310/710591/702396/703088/721324/717204/697755/702502/100428720/707749/702103/710441/707540/710643/717994/695567/719199/710796/694915/699955/710262/697986/707234/613032/717751",30
"76","Adult_BM","BP","GO:0022612","gland morphogenesis","12/517","52/8716",3.88197272819369e-05,0.00827685805977441,0.00725103354642376,"613025/710591/699632/702396/710188/703088/704130/706198/707937/707540/710324/703997",12
"77","Adult_BM","BP","GO:0090132","epithelium migration","19/517","115/8716",4.10613809732486e-05,0.00827685805977441,0.00725103354642376,"719320/697017/716937/715615/716452/706549/715264/100430739/703088/697755/707996/707749/716098/702775/715952/707540/700068/714717/705056",19
"78","Adult_BM","BP","GO:0035239","tube morphogenesis","38/517","326/8716",4.40200865474081e-05,0.00827685805977441,0.00725103354642376,"613025/719320/697017/716937/710591/715615/694625/716452/706549/714608/697685/702396/709723/613028/698954/100430739/703088/721324/711465/711355/697755/100427119/707749/716098/716990/702103/714731/710441/706198/697884/702775/715952/707540/710796/694416/694450/714717/703997",38
"79","Adult_BM","BP","GO:0001817","regulation of cytokine production","34/517","279/8716",4.53892216181177e-05,0.00827685805977441,0.00725103354642376,"712299/574296/697017/718387/712428/722000/713737/715615/699309/711355/706255/704130/716003/695886/702502/711743/707749/574378/714731/700942/710441/707540/705774/717994/719350/701278/695567/697204/710796/710324/708769/693961/714728/696778",34
"80","Adult_BM","BP","GO:0070372","regulation of ERK1 and ERK2 cascade","18/517","107/8716",5.09786743294656e-05,0.00833670424790911,0.00730346246506129,"574296/697017/704310/712799/716452/710832/100430739/717204/697134/694037/694750/702103/710643/708907/695567/699955/613032/705056",18
"81","Adult_BM","BP","GO:0001816","cytokine production","34/517","281/8716",5.25407659861425e-05,0.00833670424790911,0.00730346246506129,"712299/574296/697017/718387/712428/722000/713737/715615/699309/711355/706255/704130/716003/695886/702502/711743/707749/574378/714731/700942/710441/707540/705774/717994/719350/701278/695567/697204/710796/710324/708769/693961/714728/696778",34
"82","Adult_BM","BP","GO:0050673","epithelial cell proliferation","26/517","191/8716",5.70656319061656e-05,0.00833670424790911,0.00730346246506129,"695091/700585/613025/716937/712428/722000/693532/710591/716452/702396/710188/721324/711465/711355/704130/702502/704449/707540/719199/699955/694450/714717/703997/717751/705056/705146",26
"83","Adult_BM","BP","GO:0040011","locomotion","49/517","467/8716",5.77787401518809e-05,0.00833670424790911,0.00730346246506129,"711776/707158/702981/697826/697017/716937/718387/704310/693532/715615/713885/716452/574097/710188/613028/100430739/703088/699309/721324/698160/697755/707996/654420/710036/696556/708778/702990/707749/716098/714740/700632/702103/710441/702775/715952/707540/707876/574231/714344/710643/695537/707329/700068/699955/705901/694450/714717/708425/705056",49
"84","Adult_BM","BP","GO:0090130","tissue migration","19/517","118/8716",5.91637075658066e-05,0.00833670424790911,0.00730346246506129,"719320/697017/716937/715615/716452/706549/715264/100430739/703088/697755/707996/707749/716098/702775/715952/707540/700068/714717/705056",19
"85","Adult_BM","BP","GO:0007155","cell adhesion","51/517","496/8716",6.89986865790964e-05,0.00913514005976793,0.00800294103708022,"702981/712365/695091/719320/574296/695557/697017/694470/712428/574365/713737/693917/704787/703777/701419/694116/706549/700373/613028/702481/712805/698954/703088/717204/707247/697134/697755/716003/654420/710036/693975/693789/699405/716098/714740/714731/702775/693425/707540/714405/693440/698576/701278/695567/699623/699955/714451/712410/715710/714728/705056",51
"86","Adult_BM","BP","GO:0010562","positive regulation of phosphorus metabolic process","34/517","286/8716",7.51069483653082e-05,0.00913514005976793,0.00800294103708022,"574293/695091/719320/574296/697017/716937/706919/704310/693359/710591/702396/703088/721324/717204/697755/702502/100428720/707749/702103/710441/718350/707540/710643/717994/695567/719199/710796/694915/699955/710262/697986/707234/613032/717751",34
"87","Adult_BM","BP","GO:0045937","positive regulation of phosphate metabolic process","34/517","286/8716",7.51069483653082e-05,0.00913514005976793,0.00800294103708022,"574293/695091/719320/574296/697017/716937/706919/704310/693359/710591/702396/703088/721324/717204/697755/702502/100428720/707749/702103/710441/718350/707540/710643/717994/695567/719199/710796/694915/699955/710262/697986/707234/613032/717751",34
"88","Adult_BM","BP","GO:0010632","regulation of epithelial cell migration","16/517","91/8716",7.66173037270859e-05,0.00913514005976793,0.00800294103708022,"697017/716937/715615/716452/100430739/703088/697755/707996/707749/716098/702775/715952/707540/700068/714717/705056",16
"89","Adult_BM","BP","GO:0006954","inflammatory response","35/517","299/8716",8.09541776156559e-05,0.00929473891142715,0.00814275938590223,"711776/695091/613025/574296/716937/722000/574360/716452/613028/717204/698160/711355/706255/704130/654420/707749/574378/714740/710441/706198/707937/574336/707876/697832/574231/717994/719350/701278/710324/694915/699955/701624/695652/711115/705056",35
"90","Adult_BM","BP","GO:0042327","positive regulation of phosphorylation","32/517","265/8716",9.05300971751084e-05,0.00979911630810858,0.00858462481321567,"574293/695091/719320/574296/697017/716937/706919/704310/710591/702396/703088/721324/717204/697755/702502/100428720/707749/702103/710441/707540/710643/717994/695567/719199/710796/694915/699955/710262/697986/707234/613032/717751",32
"91","Adult_BM","BP","GO:0002237","response to molecule of bacterial origin","17/517","102/8716",9.24998372576502e-05,0.00979911630810858,0.00858462481321567,"695091/574296/712428/722000/613028/699309/706255/704130/716003/714740/707876/695567/710796/710324/711115/696778/705056",17
"92","Adult_BM","BP","GO:1902532","negative regulation of intracellular signal transduction","27/517","208/8716",9.48301578204056e-05,0.00979911630810858,0.00858462481321567,"702981/613025/693359/715615/712799/574097/710832/698954/707336/100430739/717204/697134/703669/704130/100428720/716098/702103/700942/717703/699329/705774/708907/696747/701278/712803/695652/705056",27
"93","Adult_BM","BP","GO:0051336","regulation of hydrolase activity","37/517","329/8716",0.000118256300194782,0.0111521215349722,0.00976994008836275,"697826/716937/693359/710591/717342/710956/705311/717204/613026/711355/707996/697231/100429627/700311/100428720/708778/707749/714740/700850/702103/700942/718350/707540/707876/715322/698576/696747/701278/695567/714789/694915/694485/698697/703997/613032/711115/717165",37
"94","Adult_BM","BP","GO:0010631","epithelial cell migration","18/517","114/8716",0.00011946671955614,0.0111521215349722,0.00976994008836275,"719320/697017/716937/715615/716452/715264/100430739/703088/697755/707996/707749/716098/702775/715952/707540/700068/714717/705056",18
"95","Adult_BM","BP","GO:0051092","positive regulation of NF-kappaB transcription factor activity","12/517","58/8716",0.000121069379294729,0.0111521215349722,0.00976994008836275,"574293/574296/716937/703281/699798/698160/711879/707749/710441/695567/699955/714728",12
"96","Adult_BM","BP","GO:0050730","regulation of peptidyl-tyrosine phosphorylation","15/517","85/8716",0.000122313591028727,0.0111521215349722,0.00976994008836275,"695091/574296/697017/704310/702396/717204/697755/702502/707749/704449/717994/695567/694915/697986/613032",15
"97","Adult_BM","BP","GO:0030334","regulation of cell migration","38/517","343/8716",0.000131435164066859,0.0116414002459218,0.0101985781441352,"707158/702981/697826/697017/716937/718387/704310/693532/715615/713885/716452/574097/100430739/703088/721324/698160/697755/707996/710036/696556/708778/702990/707749/716098/700632/702103/710441/702775/715952/707540/707876/714344/710643/695537/700068/714717/708425/705056",38
"98","Adult_BM","BP","GO:0031347","regulation of defense response","32/517","271/8716",0.000138526003067669,0.0119286280419382,0.0104502072489645,"711776/613025/574296/716937/722000/574360/713737/702743/698160/711355/706255/704130/702502/707749/700732/574378/714740/693567/710441/717994/719350/701278/695567/710324/694915/699955/701624/693961/695652/711115/696778/705056",32
"99","Adult_BM","BP","GO:0042325","regulation of phosphorylation","45/517","434/8716",0.000154179429432898,0.0127817341544152,0.0111975803458034,"574293/702981/695091/719320/574296/697017/716937/706919/704310/710591/715615/711877/716452/702396/100430739/703088/100424484/721324/717204/697755/704130/702502/100428720/707749/704449/702103/710441/705680/707540/695757/710643/717994/708907/695567/719199/710796/694915/699955/698766/710262/697986/707234/613032/717751/705056",45
"100","Adult_BM","BP","GO:0035924","cellular response to vascular endothelial growth factor stimulus","8/517","28/8716",0.000156679321892831,0.0127817341544152,0.0111975803458034,"716937/715615/697755/716098/702103/714731/710441/717751",8
"101","Adult_BM","BP","GO:0034599","cellular response to oxidative stress","14/517","78/8716",0.000169797741718207,0.0131351834756292,0.0115072235542015,"702077/574296/697077/716937/708839/716452/701652/704130/700907/700632/710441/717703/694455/711115",14
"102","Adult_BM","BP","GO:0071219","cellular response to molecule of bacterial origin","14/517","78/8716",0.000169797741718207,0.0131351834756292,0.0115072235542015,"695091/574296/722000/613028/699309/706255/704130/716003/707876/695567/710796/710324/711115/696778",14
"103","Adult_BM","BP","GO:0033993","response to lipid","29/517","239/8716",0.000176819949705347,0.0131351834756292,0.0115072235542015,"574293/695091/700585/613025/574296/722000/710591/701652/702396/710188/613028/703088/699309/706255/704130/716003/703752/714740/713082/706198/707540/717703/707876/695567/710324/703997/711115/696778/705056",29
"104","Adult_BM","BP","GO:0031401","positive regulation of protein modification process","35/517","311/8716",0.000177960550314977,0.0131351834756292,0.0115072235542015,"695091/574296/697017/716937/706919/704310/693359/710591/702396/703088/721324/717204/697755/702502/100428720/707749/703752/702103/700942/710441/718350/707540/717703/710643/717994/695567/719199/710796/694915/699955/710262/697986/707234/613032/717751",35
"105","Adult_BM","BP","GO:0048646","anatomical structure formation involved in morphogenesis","46/517","451/8716",0.000191145409212545,0.0137802504316021,0.0120723416344765,"702981/719320/574296/693527/697017/716937/574365/710591/715615/693917/704787/694625/716452/706549/714608/697685/709723/613028/698954/100430739/703088/721324/711355/697755/100427119/704130/712458/707749/716098/716990/702103/714731/710441/697884/715952/693425/707540/714344/702979/700068/710796/694450/714717/715710/695774/703997",46
"106","Adult_BM","BP","GO:0071396","cellular response to lipid","24/517","185/8716",0.00023193044599457,0.0160238118855089,0.0140378385957939,"574293/695091/700585/613025/574296/722000/710591/701652/710188/613028/699309/706255/704130/716003/703752/713082/706198/717703/707876/695567/710324/703997/711115/696778",24
"107","Adult_BM","BP","GO:0050727","regulation of inflammatory response","18/517","120/8716",0.000232603720918678,0.0160238118855089,0.0140378385957939,"711776/613025/722000/698160/711355/706255/704130/714740/710441/717994/719350/701278/710324/694915/699955/701624/695652/705056",18
"108","Adult_BM","BP","GO:0001525","angiogenesis","25/517","198/8716",0.000264899247951602,0.0178519058402166,0.0156393606342136,"719320/697017/716937/715615/716452/714608/697685/709723/613028/698954/100430739/703088/721324/697755/707749/716098/702103/714731/710441/697884/715952/707540/710796/694450/714717",25
"109","Adult_BM","BP","GO:0051403","stress-activated MAPK cascade","16/517","101/8716",0.000271308361326522,0.0178948068108983,0.0156769445066613,"707158/702981/718387/722000/714950/711355/711879/710441/707540/695567/710324/699955/693961/695652/711115/705056",16
"110","Adult_BM","BP","GO:0060443","mammary gland morphogenesis","6/517","17/8716",0.000298229868136056,0.018396517930899,0.0161164741126382,"613025/702396/703088/706198/707937/710324",6
"111","Adult_BM","BP","GO:0071222","cellular response to lipopolysaccharide","13/517","73/8716",0.000312371463303618,0.018396517930899,0.0161164741126382,"695091/574296/722000/613028/699309/706255/704130/716003/707876/695567/710324/711115/696778",13
"112","Adult_BM","BP","GO:0007264","small GTPase mediated signal transduction","24/517","189/8716",0.00032102773212724,0.018396517930899,0.0161164741126382,"701151/100429172/718464/100429968/702562/705818/697755/707996/697231/700311/705601/716098/716990/702103/708885/695385/694168/712096/719199/694485/712803/698697/698148/717165",24
"113","Adult_BM","BP","GO:0022603","regulation of anatomical structure morphogenesis","33/517","296/8716",0.000322911212728153,0.018396517930899,0.0161164741126382,"613025/716937/715615/713885/693917/694625/714608/705311/613028/698954/100430739/703088/717204/704130/707749/718616/716098/702103/714731/710441/715952/708885/717679/695385/707540/707876/714344/694361/708507/694485/714717/698697/700692",33
"114","Adult_BM","BP","GO:0019220","regulation of phosphate metabolic process","48/517","488/8716",0.000326171534091718,0.018396517930899,0.0161164741126382,"574293/702981/695091/719320/574296/697017/716937/706919/704310/693359/710591/715615/711717/711877/716452/702396/100430739/703088/100424484/721324/717204/697755/704130/702502/100428720/707749/704449/702103/710441/718350/705680/707540/695757/710643/717994/708907/695567/719199/710796/694915/699955/698766/710262/697986/707234/613032/717751/705056",48
"115","Adult_BM","BP","GO:0051174","regulation of phosphorus metabolic process","48/517","488/8716",0.000326171534091718,0.018396517930899,0.0161164741126382,"574293/702981/695091/719320/574296/697017/716937/706919/704310/693359/710591/715615/711717/711877/716452/702396/100430739/703088/100424484/721324/717204/697755/704130/702502/100428720/707749/704449/702103/710441/718350/705680/707540/695757/710643/717994/708907/695567/719199/710796/694915/699955/698766/710262/697986/707234/613032/717751/705056",48
"116","Adult_BM","BP","GO:0007167","enzyme-linked receptor protein signaling pathway","40/517","384/8716",0.000326389834257886,0.018396517930899,0.0161164741126382,"702077/695091/719320/697826/697017/716937/718387/704310/710591/715615/700690/708839/716452/694328/702396/694022/100430739/703088/721324/706873/711355/697755/702502/718616/697099/716098/702103/714731/707540/699329/710643/707191/700068/694485/714451/713924/697573/697986/698697/715710",40
"117","Adult_BM","BP","GO:0040012","regulation of locomotion","40/517","384/8716",0.000326389834257886,0.018396517930899,0.0161164741126382,"711776/707158/702981/697826/697017/716937/718387/704310/693532/715615/713885/716452/574097/613028/100430739/703088/721324/698160/697755/707996/710036/696556/708778/702990/707749/716098/700632/702103/710441/702775/715952/707540/707876/714344/710643/695537/700068/714717/708425/705056",40
"118","Adult_BM","BP","GO:0043410","positive regulation of MAPK cascade","23/517","179/8716",0.000358383225801871,0.0198390714283179,0.0173802391460306,"707158/574296/697017/718387/704310/712799/716452/717204/711879/694037/707749/694750/702103/710441/707540/710643/717994/695567/710796/699955/693961/613032/717751",23
"119","Adult_BM","BP","GO:0035295","tube development","41/517","399/8716",0.00036619277920654,0.0199157476410574,0.0174474121948822,"613025/719320/697017/716937/710591/715615/694625/716452/706549/714608/697685/702396/694022/709723/613028/698954/100430739/703088/721324/711465/711355/100428142/697755/100427119/707749/716098/716990/702103/714731/710441/706198/697884/702775/715952/707540/710796/694416/694450/713924/714717/703997",41
"120","Adult_BM","BP","GO:0043068","positive regulation of programmed cell death","24/517","191/8716",0.000375959440392129,0.0200608574955836,0.0175745372966403,"697826/696908/710591/707539/716452/574097/710832/696712/100428720/712571/707749/716098/714740/700632/706198/707540/714405/708980/708907/695567/719199/695652/703997/711115",24
"121","Adult_BM","BP","GO:0031098","stress-activated protein kinase signaling cascade","16/517","104/8716",0.000381803416851429,0.0200608574955836,0.0175745372966403,"707158/702981/718387/722000/714950/711355/711879/710441/707540/695567/710324/699955/693961/695652/711115/705056",16
"122","Adult_BM","BP","GO:0051345","positive regulation of hydrolase activity","24/517","192/8716",0.000406401172960822,0.0209973939363091,0.0183950004603319,"697826/716937/693359/710591/717342/710956/711355/707996/697231/700311/707749/714740/700942/718350/707876/715322/698576/701278/695567/694485/698697/613032/711115/717165",24
"123","Adult_BM","BP","GO:0010634","positive regulation of epithelial cell migration","12/517","66/8716",0.000433188741954336,0.0220145098370237,0.0192860561560343,"697017/716937/715615/716452/703088/697755/707996/707749/716098/702775/707540/714717",12
"124","Adult_BM","BP","GO:2000145","regulation of cell motility","38/517","365/8716",0.00046414117111858,0.023207058555929,0.020330801723021,"707158/702981/697826/697017/716937/718387/704310/693532/715615/713885/716452/574097/100430739/703088/721324/698160/697755/707996/710036/696556/708778/702990/707749/716098/700632/702103/710441/702775/715952/707540/707876/714344/710643/695537/700068/714717/708425/705056",38
"125","Adult_BM","BP","GO:0032496","response to lipopolysaccharide","15/517","96/8716",0.000486777081452553,0.0239525230556018,0.0209838741879296,"695091/574296/722000/613028/699309/706255/704130/716003/714740/707876/695567/710324/711115/696778/705056",15
"126","Adult_BM","BP","GO:0030203","glycosaminoglycan metabolic process","10/517","50/8716",0.000589554768223961,0.0285386099247756,0.0250015665894468,"697017/700690/705964/703703/717204/704326/718187/700892/710324/715229",10
"127","Adult_BM","BP","GO:0031349","positive regulation of defense response","22/517","174/8716",0.000598390208100133,0.0285386099247756,0.0250015665894468,"711776/613025/574296/716937/574360/713737/698160/706255/704130/702502/707749/700732/574378/714740/693567/717994/701278/695567/699955/693961/711115/696778",22
"128","Adult_BM","BP","GO:0032924","activin receptor signaling pathway","5/517","13/8716",0.000622179174710379,0.0292235672970027,0.0256016311124845,"697826/721324/711355/700068/713924",5
"129","Adult_BM","BP","GO:0070374","positive regulation of ERK1 and ERK2 cascade","13/517","79/8716",0.000689720356006164,0.0319124343823748,0.0279572430242876,"574296/697017/704310/712799/716452/717204/694037/694750/702103/710643/695567/699955/613032",13
"130","Adult_BM","BP","GO:0009968","negative regulation of signal transduction","47/517","492/8716",0.000719815894257015,0.0328151363558345,0.0287480651266733,"574293/702981/613025/697077/693359/710591/715615/712799/694625/700690/707539/574097/710832/710188/613028/698954/707336/100430739/699309/721324/695590/717204/706873/697134/703669/704130/100428720/703752/718616/716098/716990/702103/700942/717703/699329/705774/708907/696747/701278/714451/713924/712803/695652/703997/714490/705056/705146",47
"131","Adult_BM","BP","GO:1902533","positive regulation of intracellular signal transduction","37/517","361/8716",0.000739817733074636,0.033238188007701,0.0291186842308553,"707158/695091/574296/697017/716937/718387/704310/710591/712799/707539/716452/703281/100430739/717204/698160/711879/707996/694037/707749/694750/716098/714740/702103/710441/695796/707540/710643/717994/695567/710796/694915/699955/714717/693961/714728/613032/717751",37
"132","Adult_BM","BP","GO:0071216","cellular response to biotic stimulus","14/517","90/8716",0.000778666296467893,0.0340194614775633,0.0298031275423135,"695091/574296/722000/613028/699309/706255/704130/716003/707876/695567/710796/710324/711115/696778",14
"133","Adult_BM","BP","GO:1903510","mucopolysaccharide metabolic process","9/517","43/8716",0.000779155408034515,0.0340194614775633,0.0298031275423135,"697017/700690/705964/703703/717204/704326/718187/700892/710324",9
"134","Adult_BM","BP","GO:0048145","regulation of fibroblast proliferation","8/517","35/8716",0.000821407591936715,0.0353661602083863,0.0309829179414726,"613025/693532/716452/702502/696712/700632/710441/719199",8
"135","Adult_BM","BP","GO:0032101","regulation of response to external stimulus","39/517","390/8716",0.000863547581446475,0.0366711986641654,0.0321262113933945,"711776/702981/695091/613025/574296/716937/722000/574360/713737/715615/713885/704787/613028/702743/698160/711355/706255/704130/702502/702990/707749/700732/574378/714740/693567/710441/717994/719350/701278/695567/710324/694915/699955/701624/693961/695652/711115/696778/705056",39
"136","Adult_BM","BP","GO:1901701","cellular response to oxygen-containing compound","40/517","404/8716",0.00090242483331922,0.0378042835579673,0.0331188630151293,"702077/695091/700585/613025/574296/697077/715896/716937/718387/704310/722000/716452/701652/574263/613028/699309/703669/706255/704130/716003/710036/700632/710441/713082/706198/716134/705680/717703/707876/574198/699329/719350/695567/710324/697986/720180/717751/711115/696778/106994863",40
"137","Adult_BM","BP","GO:0007178","transmembrane receptor protein serine/threonine kinase signaling pathway","20/517","157/8716",0.000951829123189352,0.0383565041899427,0.0336026420407648,"702077/695091/697826/700690/708839/716452/694022/100430739/703088/721324/706873/711355/718616/702103/707540/707191/700068/714451/713924/715710",20
"138","Adult_BM","BP","GO:0150063","visual system development","20/517","157/8716",0.000951829123189352,0.0383565041899427,0.0336026420407648,"695091/716452/706549/697685/694022/100430739/703088/721324/711691/711355/710036/716990/702103/714731/711973/707540/695537/710796/694416/714451",20
"139","Adult_BM","BP","GO:0006022","aminoglycan metabolic process","10/517","53/8716",0.000953543934639246,0.0383565041899427,0.0336026420407648,"697017/700690/705964/703703/717204/704326/718187/700892/710324/715229",10
"140","Adult_BM","BP","GO:0071356","cellular response to tumor necrosis factor","14/517","92/8716",0.000973393781989804,0.0383565041899427,0.0336026420407648,"722000/710591/693917/613028/698160/711879/707749/700942/710441/696747/710324/699955/693961/695652",14
"141","Adult_BM","BP","GO:0007254","JNK cascade","12/517","72/8716",0.000977503150157091,0.0383565041899427,0.0336026420407648,"707158/718387/714950/711355/711879/695567/710324/699955/693961/695652/711115/705056",12
"142","Adult_BM","BP","GO:0032612","interleukin-1 production","8/517","36/8716",0.0010022183352856,0.0383565041899427,0.0336026420407648,"574296/715615/704130/710441/701278/695567/697204/710796",8
"143","Adult_BM","BP","GO:0032652","regulation of interleukin-1 production","8/517","36/8716",0.0010022183352856,0.0383565041899427,0.0336026420407648,"574296/715615/704130/710441/701278/695567/697204/710796",8
"144","Adult_BM","BP","GO:0048880","sensory system development","20/517","158/8716",0.00103116786130009,0.0389831752442718,0.0341516441868324,"695091/716452/706549/697685/694022/100430739/703088/721324/711691/711355/710036/716990/702103/714731/711973/707540/695537/710796/694416/714451",20
"145","Adult_BM","BP","GO:0038084","vascular endothelial growth factor signaling pathway","6/517","21/8716",0.00106680084511594,0.0393374041948539,0.0344619703982081,"716937/715615/697755/716098/702103/714731",6
"146","Adult_BM","BP","GO:0070373","negative regulation of ERK1 and ERK2 cascade","6/517","21/8716",0.00106680084511594,0.0393374041948539,0.0344619703982081,"710832/100430739/697134/702103/708907/705056",6
"147","Adult_BM","BP","GO:0006979","response to oxidative stress","17/517","125/8716",0.00108535268033908,0.0393374041948539,0.0344619703982081,"702077/574296/697077/716937/708839/716452/701652/698213/704130/700907/700632/710441/717703/699329/694455/711115/716671",17
"148","Adult_BM","BP","GO:0008284","positive regulation of cell population proliferation","40/517","408/8716",0.00109129572927659,0.0393374041948539,0.0344619703982081,"574293/695091/613025/716937/704310/574365/710591/693917/716452/697685/702396/710188/700197/703088/721324/711879/697755/704130/716003/702502/696712/707749/714731/710441/707540/697832/714344/710643/717994/695567/719199/700068/694416/712410/714717/708425/714728/703997/717751/699377",40
"149","Adult_BM","BP","GO:0045216","cell-cell junction organization","13/517","83/8716",0.00111269379868751,0.0396477100681758,0.0347338173093017,"695091/695557/694116/706549/702481/711465/711355/707540/693440/698576/700504/702979/710796",13
"150","Adult_BM","BP","GO:0051091","positive regulation of DNA-binding transcription factor activity","15/517","104/8716",0.00114635948884769,0.0403831183571346,0.0353780799189838,"574293/613025/574296/716937/710591/703281/699798/698160/100428142/711879/707749/710441/695567/699955/714728",15
"151","Adult_BM","BP","GO:0048732","gland development","18/517","137/8716",0.00117732438477069,0.0406895070403686,0.0356464951321395,"695172/613025/710591/716452/699632/702396/710188/703088/711355/704130/706198/707937/707540/710324/694416/699955/703997/700692",18
"152","Adult_BM","BP","GO:0043065","positive regulation of apoptotic process","22/517","183/8716",0.00118272731933768,0.0406895070403686,0.0356464951321395,"697826/696908/710591/707539/716452/574097/710832/696712/100428720/712571/707749/716098/714740/700632/706198/707540/714405/708907/695567/695652/703997/711115",22
"153","Adult_BM","BP","GO:0062197","cellular response to chemical stress","14/517","94/8716",0.00120755956377868,0.0406895070403686,0.0356464951321395,"702077/574296/697077/716937/708839/716452/701652/704130/700907/700632/710441/717703/694455/711115",14
"154","Adult_BM","BP","GO:0071560","cellular response to transforming growth factor beta stimulus","14/517","94/8716",0.00120755956377868,0.0406895070403686,0.0356464951321395,"702077/700690/708839/716452/100430739/703088/711355/718616/702103/706198/707540/714451/715710/700692",14
"155","Adult_BM","BP","GO:0043542","endothelial cell migration","13/517","84/8716",0.0012469853989546,0.0413232526381069,0.0362016950106335,"719320/697017/716937/715615/715264/100430739/697755/707749/716098/702775/715952/700068/714717",13
"156","Adult_BM","BP","GO:0018108","peptidyl-tyrosine phosphorylation","15/517","105/8716",0.00126635774213553,0.0413232526381069,0.0362016950106335,"695091/574296/697017/704310/702396/717204/697755/702502/707749/704449/717994/695567/694915/697986/613032",15
"157","Adult_BM","BP","GO:0045765","regulation of angiogenesis","15/517","105/8716",0.00126635774213553,0.0413232526381069,0.0362016950106335,"716937/715615/714608/613028/698954/100430739/703088/707749/716098/702103/714731/710441/715952/707540/714717",15
"158","Adult_BM","BP","GO:0034198","cellular response to amino acid starvation","5/517","15/8716",0.0013146694881409,0.0424285773916565,0.0371700270527925,"716937/710832/699329/719199/711115",5
"159","Adult_BM","BP","GO:0071559","response to transforming growth factor beta","14/517","95/8716",0.00134129051109108,0.0424285773916565,0.0371700270527925,"702077/700690/708839/716452/100430739/703088/711355/718616/702103/706198/707540/714451/715710/700692",14
"160","Adult_BM","BP","GO:1902074","response to salt","14/517","95/8716",0.00134129051109108,0.0424285773916565,0.0371700270527925,"711776/702077/574296/715896/718387/712428/716452/703669/710036/717703/710643/719350/720180/106994863",14
"161","Adult_BM","BP","GO:0034097","response to cytokine","32/517","309/8716",0.00140324139100713,0.0439398819406274,0.0384940222094461,"695172/702981/697017/718387/722000/710591/693917/701419/707539/699798/613028/698160/711879/702502/708778/707749/700732/780935/702103/700942/710441/707329/717994/696747/695567/710324/699955/693961/697986/695652/708425/707234",32
"162","Adult_BM","BP","GO:0001775","cell activation","36/517","361/8716",0.00142268044916616,0.044103093924151,0.0386370058826179,"711776/718387/712428/713737/693917/694625/716452/613028/699294/703088/695590/717204/711355/704130/716003/710036/100428720/707749/693676/714731/710441/702944/719350/708980/701278/695567/719199/100425589/710796/694416/708507/699955/712410/714728/707234/705056",36
"163","Adult_BM","BP","GO:0048514","blood vessel morphogenesis","26/517","235/8716",0.0015208504761313,0.0462958118199693,0.0405579607794637,"719320/697017/716937/715615/716452/714608/697685/709723/613028/698954/100430739/703088/721324/697755/707749/716098/702103/714731/710441/697884/702775/715952/707540/710796/694450/714717",26
"164","Adult_BM","BP","GO:0018212","peptidyl-tyrosine modification","15/517","107/8716",0.00153821568305059,0.0462958118199693,0.0405579607794637,"695091/574296/697017/704310/702396/717204/697755/702502/707749/704449/717994/695567/694915/697986/613032",15
"165","Adult_BM","BP","GO:1901342","regulation of vasculature development","15/517","107/8716",0.00153821568305059,0.0462958118199693,0.0405579607794637,"716937/715615/714608/613028/698954/100430739/703088/707749/716098/702103/714731/710441/715952/707540/714717",15
"166","Adult_BM","BP","GO:0034330","cell junction organization","28/517","261/8716",0.0016267904208816,0.0484908683147399,0.0424809644319284,"695172/695091/712299/695557/694193/704787/699798/694116/706549/710956/694022/702481/711465/711355/697755/707996/696556/703993/693425/717679/707540/693440/698576/697776/700504/702979/710796/700973",28
"167","Adult_BM","BP","GO:0044092","negative regulation of molecular function","34/517","338/8716",0.00165530509383274,0.0488709122941093,0.0428139061863504,"703475/702981/613025/712428/722000/715615/711877/694625/716452/699294/100430739/100424484/717204/613026/704130/100428720/708778/704449/700850/702103/699004/718350/705680/707540/714405/696747/719199/710324/714789/711489/693961/695652/711115/705056",34
"168","Adult_BM","CC","GO:0043235","receptor complex","23/561","153/9500",3.00244047168095e-05,0.0105085416508833,0.0102715068768033,"719320/574296/697826/712428/704787/703777/703088/717204/707247/698160/711355/711879/707749/699405/703107/574380/705252/693961/697986/715710/702731/613032/696778",23
"169","Adult_BM","MF","GO:0008047","enzyme activator activity","32/530","248/8759",3.6286677154034e-05,0.010669364244763,0.00973482139120711,"701151/574296/718387/706919/710591/716452/718464/710956/702396/705311/716580/712896/697755/697231/702502/100429627/700311/694750/716990/702103/700942/702775/705680/707876/715322/712096/719199/694915/694485/710262/698697/711115",32
"170","Adult_BM","MF","GO:0019900","kinase binding","35/530","283/8759",3.89392855648284e-05,0.010669364244763,0.00973482139120711,"722750/613025/697017/722000/715615/712799/711877/700443/715018/700197/698954/100430739/706873/698160/711355/707996/704130/703752/694750/704449/702103/706198/718350/714405/708908/695757/695170/719199/710796/694915/710262/693961/695652/711115/705056",35
"171","Adult_BM","MF","GO:0019901","protein kinase binding","32/530","255/8759",6.2892161813937e-05,0.0114883015580125,0.0104820269689895,"613025/697017/722000/715615/712799/711877/700443/715018/700197/698954/100430739/706873/698160/711355/707996/703752/704449/702103/706198/718350/714405/708908/695757/695170/719199/710796/694915/710262/693961/695652/711115/705056",32
"172","Adult_BM","MF","GO:0030695","GTPase regulator activity","27/530","211/8759",0.000168641629464229,0.0150048434503515,0.0136905505933864,"701151/718387/709675/716452/100429172/718464/100429968/702562/705818/710956/705311/712896/697755/697231/100429627/700311/100428720/705601/702775/705680/715322/712096/694485/719329/698697/698148/717165",27
"173","Adult_BM","MF","GO:0005096","GTPase activator activity","17/530","105/8759",0.000170396726992323,0.0150048434503515,0.0136905505933864,"701151/718387/716452/718464/710956/705311/712896/697755/697231/100429627/700311/702775/705680/715322/712096/694485/698697",17
"174","Adult_BM","MF","GO:0032813","tumor necrosis factor receptor superfamily binding","8/530","28/8759",0.000179947778446524,0.0150048434503515,0.0136905505933864,"693917/711879/706255/100551506/702944/696747/699955/693961",8
"175","Adult_BM","MF","GO:0060589","nucleoside-triphosphatase regulator activity","27/530","213/8759",0.000197438482668904,0.0150048434503515,0.0136905505933864,"701151/718387/709675/716452/100429172/718464/100429968/702562/705818/710956/705311/712896/697755/697231/100429627/700311/100428720/705601/702775/705680/715322/712096/694485/719329/698697/698148/717165",27
"176","Adult_BM","MF","GO:0005164","tumor necrosis factor receptor binding","7/530","22/8759",0.000219048809494183,0.0150048434503515,0.0136905505933864,"693917/711879/706255/100551506/702944/699955/693961",7
"177","Adult_BM","MF","GO:0001614","purinergic nucleotide receptor activity","5/530","12/8759",0.000441505732305932,0.0241945141303651,0.0220752866152966,"709857/710036/709960/709766/708507",5
"178","Adult_BM","MF","GO:0016502","nucleotide receptor activity","5/530","12/8759",0.000441505732305932,0.0241945141303651,0.0220752866152966,"709857/710036/709960/709766/708507",5
"179","Adult_BM","MF","GO:0046332","SMAD binding","8/530","33/8759",0.000614702646815586,0.0300402572016632,0.027408993797138,"702077/693359/716452/703088/706873/711355/699626/718616",8
"180","Adult_BM","MF","GO:0004879","nuclear receptor activity","8/530","34/8759",0.000761947924603374,0.0300402572016632,0.027408993797138,"574293/613025/697077/710591/696797/704014/706198/701624",8
"181","Adult_BM","MF","GO:0098531","ligand-activated transcription factor activity","8/530","34/8759",0.000761947924603374,0.0300402572016632,0.027408993797138,"574293/613025/697077/710591/696797/704014/706198/701624",8
"182","Adult_BM","MF","GO:0005509","calcium ion binding","36/530","342/8759",0.000767451826319863,0.0300402572016632,0.027408993797138,"702946/712365/695557/718387/694470/705964/701419/711548/715264/718476/700373/707166/702481/712805/697084/654420/696712/700892/702905/706949/714740/714731/695658/711973/697832/717963/693440/719350/710965/696747/699355/699623/694108/705901/714451/106994863",36
